Date,Time,Venue,Home Team,Away Team,Home Score,Away Score,CHANGED
"Sunday, December 7, 2025",11:15 AM PST,Lake Stevens High School,Lake Stevens,Shorewood,36,37,no
"Sunday, December 7, 2025",1:45 PM PST,Snohomish High School,Snohomish,Shorewood,45,48,no
"Sunday, December 14, 2025",9:15 AM PST,Marysville-Pilchuck High School,Getchell,Shorewood,40,22,no
"Sunday, December 21, 2025",10:30 AM PST,Shorewood High School,Shorewood,Mountlake Terrace,36,37,no
"Sunday, January 4, 2026",11:30 AM PST,Shorewood High School,Shorewood,King's,37,47,no
"Sunday, January 4, 2026",2:00 PM PST,Shorewood High School,Shorewood,Edmonds-Woodway,46,22,no
"Sunday, January 11, 2026",11:00 AM PST,Shorewood High School,Shorewood,Cedarcrest,,,no
"Sunday, January 11, 2026",1:30 PM PST,Shorewood High School,Shorewood,Monroe,,,no
"Sunday, January 25, 2026",11:45 AM PST,Jackson High School,Jackson,Shorewood,,,no
"Sunday, January 25, 2026",1:45 PM PST,Valley View Middle School,Glacier Peak,Shorewood,,,no
"Sunday, February 1, 2026",10:00 AM PST,Shorewood High School,Shorewood,Meadowdale,,,no
"Sunday, February 1, 2026",12:30 PM PST,Shorewood High School,Shorewood,Kamiak,,,no
"Sunday, February 22, 2026",12:30 PM PST,Shorewood High School,Shorewood,Arlington,,,no
"Sunday, February 22, 2026",3:00 PM PST,Shorewood High School,Shorewood,Everett,,,no
